id,Geographic Area Name,Estimate!!Households!!Total,Margin of Error!!Households MOE!!Total,"Estimate!!Households!!Total!!Less than $10,000","Margin of Error!!Households MOE!!Total!!Less than $10,000","Estimate!!Households!!Total!!$10,000 to $14,999","Margin of Error!!Households MOE!!Total!!$10,000 to $14,999","Estimate!!Households!!Total!!$15,000 to $24,999","Margin of Error!!Households MOE!!Total!!$15,000 to $24,999","Estimate!!Households!!Total!!$25,000 to $34,999","Margin of Error!!Households MOE!!Total!!$25,000 to $34,999","Estimate!!Households!!Total!!$35,000 to $49,999","Margin of Error!!Households MOE!!Total!!$35,000 to $49,999","Estimate!!Households!!Total!!$50,000 to $74,999","Margin of Error!!Households MOE!!Total!!$50,000 to $74,999","Estimate!!Households!!Total!!$75,000 to $99,999","Margin of Error!!Households MOE!!Total!!$75,000 to $99,999","Estimate!!Households!!Total!!$100,000 to $149,999","Margin of Error!!Households MOE!!Total!!$100,000 to $149,999","Estimate!!Households!!Total!!$150,000 to $199,999","Margin of Error!!Households MOE!!Total!!$150,000 to $199,999","Estimate!!Households!!Total!!$200,000 or more","Margin of Error!!Households MOE!!Total!!$200,000 or more",Estimate!!Households!!Median income (dollars),Margin of Error!!Households MOE!!Median income (dollars),Estimate!!Households!!Mean income (dollars),Margin of Error!!Households MOE!!Mean income (dollars),Estimate!!Households!!PERCENT ALLOCATED!!Household income in the past 12 months,Margin of Error!!Households MOE!!PERCENT ALLOCATED!!Household income in the past 12 months,Estimate!!Households!!PERCENT ALLOCATED!!Family income in the past 12 months,Margin of Error!!Households MOE!!PERCENT ALLOCATED!!Family income in the past 12 months,Estimate!!Households!!PERCENT ALLOCATED!!Nonfamily income in the past 12 months,Margin of Error!!Households MOE!!PERCENT ALLOCATED!!Nonfamily income in the past 12 months,Estimate!!Families!!Total,Margin of Error!!Families MOE!!Total,"Estimate!!Families!!Total!!Less than $10,000","Margin of Error!!Families MOE!!Total!!Less than $10,000","Estimate!!Families!!Total!!$10,000 to $14,999","Margin of Error!!Families MOE!!Total!!$10,000 to $14,999","Estimate!!Families!!Total!!$15,000 to $24,999","Margin of Error!!Families MOE!!Total!!$15,000 to $24,999","Estimate!!Families!!Total!!$25,000 to $34,999","Margin of Error!!Families MOE!!Total!!$25,000 to $34,999","Estimate!!Families!!Total!!$35,000 to $49,999","Margin of Error!!Families MOE!!Total!!$35,000 to $49,999","Estimate!!Families!!Total!!$50,000 to $74,999","Margin of Error!!Families MOE!!Total!!$50,000 to $74,999","Estimate!!Families!!Total!!$75,000 to $99,999","Margin of Error!!Families MOE!!Total!!$75,000 to $99,999","Estimate!!Families!!Total!!$100,000 to $149,999","Margin of Error!!Families MOE!!Total!!$100,000 to $149,999","Estimate!!Families!!Total!!$150,000 to $199,999","Margin of Error!!Families MOE!!Total!!$150,000 to $199,999","Estimate!!Families!!Total!!$200,000 or more","Margin of Error!!Families MOE!!Total!!$200,000 or more",Estimate!!Families!!Median income (dollars),Margin of Error!!Families MOE!!Median income (dollars),Estimate!!Families!!Mean income (dollars),Margin of Error!!Families MOE!!Mean income (dollars),Estimate!!Families!!PERCENT ALLOCATED!!Household income in the past 12 months,Margin of Error!!Families MOE!!PERCENT ALLOCATED!!Household income in the past 12 months,Estimate!!Families!!PERCENT ALLOCATED!!Family income in the past 12 months,Margin of Error!!Families MOE!!PERCENT ALLOCATED!!Family income in the past 12 months,Estimate!!Families!!PERCENT ALLOCATED!!Nonfamily income in the past 12 months,Margin of Error!!Families MOE!!PERCENT ALLOCATED!!Nonfamily income in the past 12 months,Estimate!!Married-couple families!!Total,Margin of Error!!Married-couple families MOE!!Total,"Estimate!!Married-couple families!!Total!!Less than $10,000","Margin of Error!!Married-couple families MOE!!Total!!Less than $10,000","Estimate!!Married-couple families!!Total!!$10,000 to $14,999","Margin of Error!!Married-couple families MOE!!Total!!$10,000 to $14,999","Estimate!!Married-couple families!!Total!!$15,000 to $24,999","Margin of Error!!Married-couple families MOE!!Total!!$15,000 to $24,999","Estimate!!Married-couple families!!Total!!$25,000 to $34,999","Margin of Error!!Married-couple families MOE!!Total!!$25,000 to $34,999","Estimate!!Married-couple families!!Total!!$35,000 to $49,999","Margin of Error!!Married-couple families MOE!!Total!!$35,000 to $49,999","Estimate!!Married-couple families!!Total!!$50,000 to $74,999","Margin of Error!!Married-couple families MOE!!Total!!$50,000 to $74,999","Estimate!!Married-couple families!!Total!!$75,000 to $99,999","Margin of Error!!Married-couple families MOE!!Total!!$75,000 to $99,999","Estimate!!Married-couple families!!Total!!$100,000 to $149,999","Margin of Error!!Married-couple families MOE!!Total!!$100,000 to $149,999","Estimate!!Married-couple families!!Total!!$150,000 to $199,999","Margin of Error!!Married-couple families MOE!!Total!!$150,000 to $199,999","Estimate!!Married-couple families!!Total!!$200,000 or more","Margin of Error!!Married-couple families MOE!!Total!!$200,000 or more",Estimate!!Married-couple families!!Median income (dollars),Margin of Error!!Married-couple families MOE!!Median income (dollars),Estimate!!Married-couple families!!Mean income (dollars),Margin of Error!!Married-couple families MOE!!Mean income (dollars),Estimate!!Married-couple families!!PERCENT ALLOCATED!!Household income in the past 12 months,Margin of Error!!Married-couple families MOE!!PERCENT ALLOCATED!!Household income in the past 12 months,Estimate!!Married-couple families!!PERCENT ALLOCATED!!Family income in the past 12 months,Margin of Error!!Married-couple families MOE!!PERCENT ALLOCATED!!Family income in the past 12 months,Estimate!!Married-couple families!!PERCENT ALLOCATED!!Nonfamily income in the past 12 months,Margin of Error!!Married-couple families MOE!!PERCENT ALLOCATED!!Nonfamily income in the past 12 months,Estimate!!Nonfamily households!!Total,Margin of Error!!Nonfamily households MOE!!Total,"Estimate!!Nonfamily households!!Total!!Less than $10,000","Margin of Error!!Nonfamily households MOE!!Total!!Less than $10,000","Estimate!!Nonfamily households!!Total!!$10,000 to $14,999","Margin of Error!!Nonfamily households MOE!!Total!!$10,000 to $14,999","Estimate!!Nonfamily households!!Total!!$15,000 to $24,999","Margin of Error!!Nonfamily households MOE!!Total!!$15,000 to $24,999","Estimate!!Nonfamily households!!Total!!$25,000 to $34,999","Margin of Error!!Nonfamily households MOE!!Total!!$25,000 to $34,999","Estimate!!Nonfamily households!!Total!!$35,000 to $49,999","Margin of Error!!Nonfamily households MOE!!Total!!$35,000 to $49,999","Estimate!!Nonfamily households!!Total!!$50,000 to $74,999","Margin of Error!!Nonfamily households MOE!!Total!!$50,000 to $74,999","Estimate!!Nonfamily households!!Total!!$75,000 to $99,999","Margin of Error!!Nonfamily households MOE!!Total!!$75,000 to $99,999","Estimate!!Nonfamily households!!Total!!$100,000 to $149,999","Margin of Error!!Nonfamily households MOE!!Total!!$100,000 to $149,999","Estimate!!Nonfamily households!!Total!!$150,000 to $199,999","Margin of Error!!Nonfamily households MOE!!Total!!$150,000 to $199,999","Estimate!!Nonfamily households!!Total!!$200,000 or more","Margin of Error!!Nonfamily households MOE!!Total!!$200,000 or more",Estimate!!Nonfamily households!!Median income (dollars),Margin of Error!!Nonfamily households MOE!!Median income (dollars),Estimate!!Nonfamily households!!Mean income (dollars),Margin of Error!!Nonfamily households MOE!!Mean income (dollars),Estimate!!Nonfamily households!!PERCENT ALLOCATED!!Household income in the past 12 months,Margin of Error!!Nonfamily households MOE!!PERCENT ALLOCATED!!Household income in the past 12 months,Estimate!!Nonfamily households!!PERCENT ALLOCATED!!Family income in the past 12 months,Margin of Error!!Nonfamily households MOE!!PERCENT ALLOCATED!!Family income in the past 12 months,Estimate!!Nonfamily households!!PERCENT ALLOCATED!!Nonfamily income in the past 12 months,Margin of Error!!Nonfamily households MOE!!PERCENT ALLOCATED!!Nonfamily income in the past 12 months
0400000US01,Alabama,1855184,11821,9.1,0.3,6,0.3,11.9,0.4,10.1,0.3,13,0.4,17.4,0.5,12,0.4,12.1,0.4,4.4,0.2,4,0.2,49861,783,69091,894,36.5,(X),(X),(X),(X),(X),1214794,12486,5.1,0.4,2.9,0.3,8.9,0.5,8.9,0.4,13,0.5,18.9,0.5,14.9,0.5,15.9,0.5,6.1,0.4,5.4,0.3,63837,1085,82884,1100,(X),(X),37.6,(X),(X),(X),879227,11979,1.6,0.2,1.4,0.2,5,0.4,7.1,0.5,11.7,0.6,20.2,0.7,17.6,0.6,20.2,0.7,8,0.5,7.2,0.4,78805,1200,98221,1551,(X),(X),(X),(X),(X),(X),640390,12125,17.8,0.9,12.2,0.7,18.3,0.7,12.4,0.6,13.2,0.7,13.4,0.7,6,0.5,4.4,0.4,1.1,0.2,1.2,0.2,26208,685,40905,1201,(X),(X),(X),(X),33.3,(X)
0400000US02,Alaska,254551,3266,4.5,0.6,3.3,0.5,6.4,0.7,6.6,0.7,10.3,0.8,19.3,1.3,13.4,1,19,1.3,8.3,0.8,8.8,0.9,74346,2288,96080,2597,33.1,(X),(X),(X),(X),(X),167527,4191,2.9,0.5,2,0.6,3.9,0.6,5.7,0.9,8.8,1,18.4,1.5,14.1,1.3,22.9,1.5,10.3,1.2,11,1.2,89847,2908,109619,3025,(X),(X),35,(X),(X),(X),127824,3685,1.1,0.3,0.8,0.3,2.7,0.6,4.4,0.9,7,0.9,16.8,1.6,14.6,1.5,26.5,1.8,12.7,1.5,13.3,1.6,102840,2848,122489,3796,(X),(X),(X),(X),(X),(X),87024,3673,9.1,1.6,6.2,1.1,11.5,1.5,9.7,1.4,14.1,1.6,21.6,2.2,11.4,1.8,8.9,1.5,3.7,0.9,3.7,1.1,49061,3318,63577,3746,(X),(X),(X),(X),26.9,(X)
0400000US04,Arizona,2614298,11305,6,0.2,3.6,0.2,9.5,0.3,9.3,0.3,13.5,0.4,19.1,0.3,13.1,0.4,14.2,0.3,5.7,0.2,5.8,0.2,59246,732,80477,862,36.6,(X),(X),(X),(X),(X),1713006,14051,3.9,0.2,2.1,0.2,6.9,0.3,8.1,0.3,12.5,0.5,20.1,0.5,14.8,0.5,17,0.4,7.2,0.3,7.4,0.3,69981,914,92154,1142,(X),(X),38,(X),(X),(X),1247270,13173,1.9,0.2,1.3,0.2,4.6,0.3,6.2,0.4,10.8,0.5,20,0.5,16.1,0.6,20.5,0.5,9.1,0.5,9.5,0.4,81830,812,105812,1426,(X),(X),(X),(X),(X),(X),901292,11708,11.4,0.6,7,0.4,15.4,0.6,12.2,0.6,15.9,0.6,17,0.6,8.8,0.5,7.6,0.5,2.4,0.3,2.3,0.3,38032,917,53887,1067,(X),(X),(X),(X),32,(X)
0400000US05,Arkansas,1156347,7393,8.2,0.5,6.1,0.3,12.3,0.5,11.3,0.5,15.2,0.6,17.8,0.6,10.6,0.5,11.3,0.4,3.8,0.3,3.6,0.3,47062,713,66766,1201,36.4,(X),(X),(X),(X),(X),769134,11117,4.4,0.4,3.4,0.4,9.7,0.6,10.3,0.7,14.8,0.7,19.6,0.7,13,0.7,15,0.6,5.1,0.4,4.8,0.4,58080,1487,79300,1676,(X),(X),36.9,(X),(X),(X),553461,9588,1.6,0.2,1.5,0.2,6.1,0.6,8.1,0.6,14.1,0.7,21.3,0.9,15.6,0.8,18.9,0.7,6.7,0.6,6.2,0.6,71629,1170,93381,2054,(X),(X),(X),(X),(X),(X),387213,9216,16.5,1.2,11.8,0.8,18.8,1,14.1,0.9,15.5,0.9,12.9,0.8,4.9,0.6,3.4,0.5,1.1,0.3,1,0.2,26682,713,38852,1617,(X),(X),(X),(X),34,(X)
0400000US06,California,13072122,21485,5.1,0.1,3.9,0.1,7.5,0.1,7.2,0.1,10.4,0.2,15.6,0.1,12.3,0.1,16.6,0.1,8.9,0.1,12.4,0.1,75277,317,107384,481,37.2,(X),(X),(X),(X),(X),8934621,23655,3.4,0.1,2.1,0.1,6,0.1,6.7,0.1,10.2,0.2,15.6,0.2,12.8,0.2,18.4,0.2,10.3,0.2,14.6,0.2,86165,392,119820,592,(X),(X),38,(X),(X),(X),6458423,27202,1.6,0.1,1.1,0.1,4.2,0.1,5.1,0.2,8.5,0.2,14.4,0.2,13,0.2,20.7,0.2,12.5,0.2,18.9,0.2,103099,616,139165,769,(X),(X),(X),(X),(X),(X),4137501,24438,10.3,0.2,8.4,0.3,11.6,0.3,9.2,0.2,11.4,0.3,15.6,0.3,10.6,0.2,11.8,0.2,5,0.2,6.2,0.2,48563,658,73834,765,(X),(X),(X),(X),33.1,(X)
0400000US08,Colorado,2176757,7548,4.9,0.3,3.3,0.2,7.2,0.2,7.4,0.3,11.7,0.4,17.5,0.4,13.6,0.4,17.5,0.3,8.2,0.3,8.7,0.3,71953,655,96218,1050,32.9,(X),(X),(X),(X),(X),1372705,11369,2.6,0.2,1.6,0.2,4.2,0.2,5.7,0.4,10.1,0.4,16.8,0.4,15.3,0.5,21,0.5,10.8,0.4,11.9,0.4,88955,1084,114334,1397,(X),(X),33.6,(X),(X),(X),1068185,11174,1.1,0.2,0.8,0.1,2.6,0.2,4.3,0.4,8.4,0.5,15.7,0.5,16.1,0.6,23.7,0.5,12.9,0.5,14.5,0.5,101379,897,128474,1754,(X),(X),(X),(X),(X),(X),804052,11317,9.4,0.6,6.3,0.4,12.8,0.5,10.9,0.6,14.7,0.7,19,0.8,10.2,0.5,10.6,0.6,3.3,0.3,2.7,0.3,45323,997,61339,1243,(X),(X),(X),(X),30.3,(X)
0400000US09,Connecticut,1378091,6923,5.3,0.3,3.9,0.2,7.2,0.4,7.2,0.3,10.1,0.4,15.5,0.5,12.2,0.5,16.9,0.5,9.3,0.4,12.4,0.4,76348,921,111303,1522,35.6,(X),(X),(X),(X),(X),891935,10679,2.6,0.3,2.1,0.3,4.4,0.3,5.8,0.4,8.6,0.5,14.6,0.6,12.7,0.7,20.2,0.6,12.2,0.5,16.8,0.5,98100,1681,135132,2129,(X),(X),36.5,(X),(X),(X),650317,10657,0.9,0.2,0.8,0.2,2.2,0.3,4,0.4,6.4,0.4,13.4,0.7,12.5,0.7,22.8,0.8,15.2,0.7,21.8,0.7,119492,2242,159884,2576,(X),(X),(X),(X),(X),(X),486156,9737,10.9,0.7,7.6,0.6,13.1,0.9,10.4,0.6,13.1,0.7,16.9,0.8,10.8,0.7,9.9,0.6,3.3,0.4,3.8,0.4,43412,1366,63647,1641,(X),(X),(X),(X),32.3,(X)
0400000US10,Delaware,367671,3933,6,0.7,4,0.5,8.3,0.8,9.3,0.7,11.5,1,18.2,1,13.7,0.9,15.7,0.9,6.6,0.7,6.6,0.6,64805,1570,84896,1884,46.7,(X),(X),(X),(X),(X),238399,6155,3,0.6,2,0.4,5.7,0.8,7.7,0.8,10,1.1,19.2,1.3,15.9,1.1,19.5,1.2,8.4,0.9,8.6,0.8,79386,1970,99558,2852,(X),(X),46.4,(X),(X),(X),173834,5109,1.1,0.4,0.9,0.3,3.3,0.8,5.4,1.1,8.4,1.2,19.1,1.5,17.1,1.3,22.9,1.5,10.6,1,11,1.1,90569,2613,114761,3568,(X),(X),(X),(X),(X),(X),129272,5606,12.8,1.7,8.1,1.2,13.8,1.7,12.7,1.5,15,1.7,16,1.8,9.5,1.5,7,1,2.5,0.7,2.5,0.6,37581,3159,53569,3096,(X),(X),(X),(X),45.4,(X)
0400000US12,Florida,7809358,20825,6.5,0.2,4.5,0.1,10.1,0.2,10.1,0.2,13.9,0.2,18.4,0.3,12.1,0.2,13.2,0.2,5.2,0.1,6,0.1,55462,384,79968,563,37.2,(X),(X),(X),(X),(X),5026515,28230,3.8,0.1,2.4,0.1,7.3,0.2,8.9,0.3,13.4,0.2,19.6,0.3,14.1,0.3,16.1,0.3,6.6,0.2,7.7,0.2,66995,497,93126,786,(X),(X),38.1,(X),(X),(X),3638058,27617,1.9,0.1,1.5,0.1,4.8,0.2,6.9,0.3,12,0.3,19.2,0.4,15.9,0.4,19.4,0.3,8.4,0.2,9.9,0.3,80067,542,107937,956,(X),(X),(X),(X),(X),(X),2782843,22343,12.4,0.4,8.7,0.3,16.2,0.4,13,0.4,15,0.4,15.8,0.4,7.6,0.3,6.7,0.3,2.1,0.2,2.6,0.2,34769,498,52392,719,(X),(X),(X),(X),34.1,(X)
0400000US13,Georgia,3803012,14400,7.1,0.2,4.1,0.2,9.5,0.3,9.5,0.3,12.8,0.3,17.8,0.3,12.3,0.3,14.2,0.3,5.9,0.2,6.7,0.2,58756,711,82489,863,36.1,(X),(X),(X),(X),(X),2537406,21205,4.5,0.2,2.5,0.2,7.2,0.3,8.4,0.3,11.9,0.4,17.8,0.4,14,0.4,17.4,0.4,7.5,0.3,8.8,0.3,71457,647,96467,1164,(X),(X),37.3,(X),(X),(X),1783375,19361,1.8,0.2,1.2,0.1,3.8,0.2,5.9,0.3,10.2,0.4,17.7,0.5,15.9,0.5,21.7,0.5,9.9,0.5,12,0.4,89537,1080,115845,1550,(X),(X),(X),(X),(X),(X),1265606,17384,13.4,0.5,7.7,0.4,15.1,0.6,12.4,0.5,14.9,0.7,17,0.6,8.2,0.4,6.8,0.4,2.3,0.2,2.2,0.2,36155,682,51127,893,(X),(X),(X),(X),32.3,(X)
0400000US15,Hawaii,455309,4541,5.3,0.6,2.2,0.3,6.1,0.7,7.2,0.6,10.5,0.8,15.5,0.7,13.3,0.9,20.1,0.9,9.6,0.7,10.2,0.6,80212,2020,103162,2461,41.2,(X),(X),(X),(X),(X),316849,5403,2.7,0.5,1,0.3,3.9,0.6,5.6,0.6,9.3,1,15.2,0.9,14.6,1.1,23.3,1.1,12.1,0.8,12.3,0.8,95448,2710,117062,2896,(X),(X),42.7,(X),(X),(X),235162,5221,1.2,0.4,0.4,0.2,2.3,0.5,4.2,0.6,8.1,1.1,14.7,1,15.3,1.3,25.7,1.3,13.7,1,14.4,1,105262,2918,127885,3622,(X),(X),(X),(X),(X),(X),138460,4548,12.1,1.5,5.1,0.8,12.2,1.6,11.8,1.3,13.9,1.5,17,1.6,11.3,1.4,10.5,1.2,2.7,0.7,3.4,0.6,43432,2692,61409,3027,(X),(X),(X),(X),35,(X)
0400000US16,Idaho,640270,5214,5.5,0.5,4.3,0.4,10.2,0.6,9.4,0.6,15.3,0.8,21.1,0.7,12.4,0.7,13.1,0.7,4.5,0.4,4.2,0.4,55583,915,73369,1606,30.5,(X),(X),(X),(X),(X),437765,8417,2.8,0.5,2.5,0.5,6.5,0.6,8,0.7,14.6,0.9,23,1.1,14.8,0.9,16.5,1,6,0.6,5.3,0.5,65987,1247,85210,2244,(X),(X),30.1,(X),(X),(X),348814,8344,1.5,0.4,1.5,0.3,4.4,0.6,6.6,0.7,13.2,0.9,23.9,1.3,16.2,1,19.1,1.3,7.1,0.7,6.5,0.6,73227,2064,94653,2805,(X),(X),(X),(X),(X),(X),202505,7340,12.3,1.3,8.8,1,19,1.6,13.3,1.4,16.9,1.7,16.3,1.3,6.1,0.9,4.8,1,1.2,0.4,1.4,0.4,32123,1137,43870,1809,(X),(X),(X),(X),29.9,(X)
0400000US17,Illinois,4864864,12677,6.4,0.2,3.8,0.2,8.8,0.2,8.5,0.2,11.6,0.2,17.2,0.2,12.5,0.2,15.7,0.2,7.2,0.2,8.3,0.2,65030,500,91424,637,35.2,(X),(X),(X),(X),(X),3119101,17843,3.3,0.2,2.2,0.2,5.9,0.2,6.9,0.2,10.7,0.3,17.2,0.3,13.9,0.3,19.3,0.4,9.6,0.3,11.1,0.2,81313,521,109310,806,(X),(X),36.5,(X),(X),(X),2293091,16141,1.1,0.1,1,0.1,3.2,0.2,4.9,0.2,9,0.3,16.6,0.4,15.3,0.3,22.8,0.4,12.1,0.3,14.2,0.3,98074,989,127712,1082,(X),(X),(X),(X),(X),(X),1745763,17387,12.8,0.5,7.1,0.3,14.7,0.4,11.9,0.4,13.4,0.4,16.9,0.4,9.2,0.3,8.4,0.3,2.7,0.2,2.9,0.2,38274,844,56132,1043,(X),(X),(X),(X),31.4,(X)
0400000US18,Indiana,2599169,10447,6.1,0.2,4.4,0.2,10,0.3,10,0.3,14.1,0.3,19.3,0.4,13.7,0.3,13.8,0.4,4.7,0.2,3.9,0.2,55746,522,73733,785,32.8,(X),(X),(X),(X),(X),1683176,12254,3.8,0.3,2.4,0.2,6.3,0.3,7.8,0.3,12.9,0.4,20.8,0.5,16.6,0.4,17.8,0.5,6.3,0.3,5.3,0.3,70150,738,87828,1095,(X),(X),33,(X),(X),(X),1248277,14823,1.3,0.2,1.1,0.2,3.4,0.3,5.5,0.3,11,0.4,21.2,0.6,19.4,0.6,21.9,0.5,8.1,0.3,6.9,0.3,82221,740,101937,1339,(X),(X),(X),(X),(X),(X),915993,11777,11.8,0.5,8.6,0.5,17.7,0.6,14.6,0.6,16.6,0.6,16,0.6,7.2,0.5,5.3,0.4,1.2,0.2,1,0.2,32682,649,44383,945,(X),(X),(X),(X),30.9,(X)
0400000US19,Iowa,1267873,7772,5.5,0.3,4.3,0.3,9,0.4,9.4,0.4,13.6,0.5,19.3,0.5,14.4,0.4,15,0.5,4.9,0.3,4.7,0.2,59955,877,77173,912,33.4,(X),(X),(X),(X),(X),800329,8263,2.7,0.3,1.9,0.2,5.5,0.4,7.3,0.4,11.7,0.5,20.1,0.6,17.6,0.6,19.8,0.6,6.9,0.4,6.5,0.4,76068,911,93160,1233,(X),(X),32.8,(X),(X),(X),622142,8884,1,0.2,0.9,0.2,3,0.4,4.8,0.3,9.9,0.5,19.9,0.7,20,0.7,23.8,0.8,8.6,0.5,8.1,0.5,87313,1220,105600,1424,(X),(X),(X),(X),(X),(X),467544,8556,11,0.7,8.6,0.5,16.1,0.7,14.2,0.8,17,0.9,17.8,0.8,7.6,0.5,5.3,0.5,1.2,0.3,1.2,0.2,35085,985,46426,1066,(X),(X),(X),(X),32.7,(X)
0400000US20,Kansas,1133408,7193,5.7,0.3,4.4,0.3,9.5,0.4,10.1,0.4,13.6,0.5,18.7,0.5,13.2,0.5,13.9,0.4,5.7,0.3,5.2,0.3,58218,773,78972,1105,31.9,(X),(X),(X),(X),(X),726748,8743,2.8,0.3,2.1,0.3,6,0.4,7.7,0.4,12.4,0.6,19.7,0.6,16.2,0.6,18.3,0.6,7.9,0.4,7,0.4,74042,1116,95478,1545,(X),(X),32.1,(X),(X),(X),570740,7468,1.1,0.2,1.1,0.2,3.3,0.4,5.7,0.4,10.7,0.7,20.2,0.7,18.1,0.7,21.7,0.8,9.5,0.5,8.7,0.4,85480,1292,108342,1863,(X),(X),(X),(X),(X),(X),406660,7644,11.9,0.8,9.1,0.7,17.3,0.9,14.5,0.9,15.7,0.8,16.2,0.8,7.3,0.7,5,0.6,1.4,0.3,1.6,0.3,32386,782,46249,1573,(X),(X),(X),(X),30.5,(X)
0400000US21,Kentucky,1732713,8718,8.4,0.4,5.6,0.2,10.9,0.4,10.8,0.3,14,0.4,17.9,0.4,11.8,0.4,12.5,0.4,4,0.2,4,0.2,50247,567,69724,1020,33.8,(X),(X),(X),(X),(X),1138927,12100,5.5,0.4,3.3,0.3,7.9,0.4,9.7,0.5,13.4,0.5,19.2,0.6,14.2,0.6,16.1,0.5,5.5,0.3,5.2,0.3,62228,840,81782,1334,(X),(X),34.2,(X),(X),(X),837979,10834,2.3,0.3,1.7,0.2,5.5,0.4,7.8,0.4,12.4,0.6,20.1,0.6,16.4,0.6,20.2,0.6,7,0.4,6.6,0.4,75400,1102,95386,1707,(X),(X),(X),(X),(X),(X),593786,10422,15.6,0.8,10.7,0.5,17.2,0.9,13.6,0.7,14.9,0.8,14.6,0.8,6.3,0.5,4.6,0.4,1.2,0.2,1.4,0.2,29703,914,43359,1284,(X),(X),(X),(X),31.7,(X)
0400000US22,Louisiana,1737220,10627,9.4,0.4,5.9,0.3,12.7,0.4,10.8,0.4,12.8,0.5,15.9,0.5,11.1,0.4,12.3,0.4,4.8,0.3,4.4,0.2,47905,740,69225,1012,38.6,(X),(X),(X),(X),(X),1104847,12302,5.6,0.3,3.4,0.3,9.8,0.5,9.9,0.5,12.4,0.6,17.3,0.6,13,0.6,16,0.5,6.7,0.4,6,0.4,61847,924,83031,1295,(X),(X),39,(X),(X),(X),748604,11164,1.6,0.3,1.4,0.2,5.5,0.5,7.4,0.5,11.3,0.6,18,0.8,15.8,0.7,21.4,0.7,9.2,0.6,8.4,0.5,81974,1295,102373,1794,(X),(X),(X),(X),(X),(X),632373,10923,17.6,0.8,10.7,0.7,17.9,0.9,12.6,0.7,13.6,0.7,13.1,0.7,6.6,0.5,5.2,0.5,1.3,0.3,1.5,0.3,27411,721,42467,1347,(X),(X),(X),(X),36.1,(X)
0400000US23,Maine,570307,5261,6.2,0.6,5.5,0.5,9.9,0.6,9.4,0.5,13.9,0.7,18.1,0.9,13.5,0.7,14.1,0.7,4.9,0.4,4.3,0.4,55602,1326,73935,1269,30.2,(X),(X),(X),(X),(X),342542,6065,3.1,0.5,2.3,0.3,5.3,0.6,8.1,0.6,13.3,0.8,19.5,1,16.8,1,18.8,1.1,6.8,0.6,6,0.6,72390,1833,89437,1651,(X),(X),30.4,(X),(X),(X),267015,6167,1.3,0.3,1,0.3,3.6,0.5,6.4,0.6,12.2,0.9,19.3,1.2,18.8,1.3,21.6,1.3,8.3,0.8,7.5,0.7,82465,1726,100315,2034,(X),(X),(X),(X),(X),(X),227765,6229,11.9,1.2,11,1.1,17.3,1.2,12.3,0.9,14.9,1.3,15.7,1.2,7.5,0.9,5.9,0.7,2,0.5,1.5,0.4,32671,1431,47052,1714,(X),(X),(X),(X),28.5,(X)
0400000US24,Maryland,2215935,9432,4.8,0.2,2.9,0.2,5.9,0.2,6,0.3,9.9,0.3,15.7,0.3,13.2,0.4,18.8,0.5,10.2,0.4,12.5,0.3,83242,1022,109774,1142,33.7,(X),(X),(X),(X),(X),1472372,11475,2.5,0.2,1.5,0.2,4,0.3,4.8,0.3,8.2,0.4,14.4,0.4,13.6,0.4,21.5,0.6,12.6,0.4,16.8,0.5,101437,952,128918,1433,(X),(X),34.4,(X),(X),(X),1069433,9906,0.9,0.1,0.7,0.1,2.1,0.2,3.2,0.3,6.3,0.4,12.6,0.5,13.5,0.5,23.7,0.7,15.1,0.6,21.8,0.6,121022,1025,149645,1819,(X),(X),(X),(X),(X),(X),743563,10975,10,0.6,6,0.4,10.5,0.6,8.9,0.5,13.7,0.6,18.7,0.8,12,0.6,12.4,0.6,4.7,0.4,3.2,0.3,50776,751,67067,1476,(X),(X),(X),(X),30.7,(X)
0400000US25,Massachusetts,2624294,8879,5.4,0.2,4.3,0.2,7.3,0.3,6.7,0.3,9.3,0.3,14.6,0.4,11.8,0.3,17.5,0.4,9.8,0.2,13.2,0.3,79835,970,110501,1001,37.5,(X),(X),(X),(X),(X),1644205,12629,2.7,0.2,1.7,0.2,4.5,0.3,5.4,0.3,8.2,0.3,14,0.4,12.5,0.4,20.6,0.5,12.5,0.4,17.9,0.4,101548,876,134463,1312,(X),(X),39.3,(X),(X),(X),1225244,12936,1.1,0.1,0.8,0.1,2.4,0.3,3.7,0.3,6.3,0.4,12.4,0.5,12.7,0.4,22.8,0.6,15.3,0.5,22.5,0.5,121413,1285,155804,1542,(X),(X),(X),(X),(X),(X),980089,11647,10.5,0.5,8.9,0.5,12.8,0.5,9.2,0.5,11.7,0.6,15.9,0.6,10.6,0.6,11.2,0.6,4.6,0.3,4.5,0.3,45392,952,65796,1151,(X),(X),(X),(X),32.9,(X)
0400000US26,Michigan,3957466,12369,6.8,0.2,4.5,0.2,9.6,0.2,9.8,0.2,13.6,0.2,18.4,0.3,12.8,0.2,13.9,0.2,5.5,0.2,5.2,0.1,56697,406,77682,578,33.2,(X),(X),(X),(X),(X),2520001,12884,4,0.2,2.5,0.2,6,0.2,7.7,0.3,12.4,0.3,19.6,0.4,15.1,0.3,18,0.3,7.6,0.2,7.1,0.2,72036,508,93320,782,(X),(X),33.4,(X),(X),(X),1849470,11875,1.5,0.1,1.2,0.1,3.4,0.2,5.3,0.3,10.7,0.3,19.8,0.4,17.2,0.4,22.1,0.4,9.7,0.3,9.2,0.2,86224,686,108672,988,(X),(X),(X),(X),(X),(X),1437465,12879,12.9,0.4,8.5,0.4,16.5,0.5,14,0.5,15.9,0.4,15.7,0.5,7.6,0.3,5.7,0.3,1.6,0.1,1.5,0.1,33270,501,47147,666,(X),(X),(X),(X),31.4,(X)
0400000US27,Minnesota,2194452,6925,4.4,0.2,3.8,0.2,7.3,0.2,7.9,0.2,12.1,0.3,17.4,0.4,13.8,0.3,17.8,0.3,7.7,0.2,7.6,0.2,70315,539,93047,715,28.9,(X),(X),(X),(X),(X),1396827,9648,2.1,0.2,1.5,0.1,4.1,0.2,5.8,0.3,10.2,0.3,17,0.4,15.9,0.4,22.5,0.4,10.2,0.3,10.6,0.3,89039,956,112398,1114,(X),(X),28.8,(X),(X),(X),1103111,10378,0.8,0.1,0.6,0.1,2.6,0.2,4,0.3,8.2,0.3,16.2,0.5,16.6,0.4,25.9,0.5,12.2,0.4,12.9,0.4,101152,702,126066,1360,(X),(X),(X),(X),(X),(X),797625,8679,9.2,0.5,8.1,0.4,13.6,0.5,12.3,0.5,16.2,0.5,18.3,0.6,9.4,0.5,8.5,0.4,2.5,0.2,2,0.2,40642,589,55215,1093,(X),(X),(X),(X),27.7,(X)
0400000US28,Mississippi,1108630,9460,10.6,0.5,6.4,0.5,12.7,0.6,11.1,0.5,13.9,0.6,17,0.6,11.8,0.5,9.8,0.4,3.6,0.4,3,0.3,44717,793,61944,1089,36.6,(X),(X),(X),(X),(X),727948,11079,6.5,0.6,3.6,0.4,10.1,0.8,10.2,0.6,13.5,0.8,19,0.8,14.9,0.7,13.2,0.7,5,0.5,4,0.4,57380,1324,73550,1422,(X),(X),37.6,(X),(X),(X),491760,10673,2,0.4,1.4,0.3,5.6,0.7,8,0.6,12.9,0.8,20.6,1,18.9,1,17.8,0.9,7.1,0.8,5.6,0.6,74301,1418,90614,1857,(X),(X),(X),(X),(X),(X),380682,9232,19.3,1.2,12.2,1,18.5,1.2,13.3,1,13.9,0.9,12.8,1,5.3,0.6,2.8,0.4,0.8,0.2,1.1,0.2,24987,881,37612,1387,(X),(X),(X),(X),33.3,(X)
0400000US29,Missouri,2434806,10407,6.3,0.2,4.9,0.3,10.1,0.3,10.4,0.3,14.4,0.4,18.6,0.4,12.4,0.4,13.2,0.3,4.8,0.2,5,0.2,54478,751,75013,861,32.4,(X),(X),(X),(X),(X),1550876,14411,3.5,0.2,2.2,0.2,6.8,0.4,8.7,0.4,13.4,0.4,19.7,0.5,15.1,0.5,17.2,0.4,6.6,0.3,6.9,0.3,69188,906,89955,1002,(X),(X),33.1,(X),(X),(X),1159502,12961,1.5,0.2,1.1,0.1,4.1,0.3,6.5,0.4,12,0.4,19.7,0.5,17.3,0.6,20.9,0.5,8.2,0.4,8.8,0.4,81614,704,103337,1245,(X),(X),(X),(X),(X),(X),883930,13454,12.1,0.6,10.1,0.6,16.6,0.5,14.3,0.6,16.1,0.6,15.6,0.7,7.1,0.4,5.2,0.4,1.5,0.2,1.4,0.2,32471,550,45926,1158,(X),(X),(X),(X),29.9,(X)
0400000US30,Montana,431421,4444,6.3,0.6,5.1,0.5,9.8,0.7,10.3,0.8,13.8,0.8,19.9,0.9,13.2,0.8,12.8,0.8,4.7,0.5,4,0.4,55328,1172,72648,1752,32.8,(X),(X),(X),(X),(X),265643,5250,2.9,0.5,2,0.4,6.2,0.7,8.5,0.9,13.7,1,21.4,1.2,16.2,1,16.8,1,6.7,0.7,5.6,0.6,68940,1482,88561,2528,(X),(X),32.2,(X),(X),(X),213173,4941,1.1,0.4,1.4,0.4,4.2,0.7,6.6,0.8,12.6,1,21.9,1.5,17.7,1.2,19.8,1.2,7.9,0.8,6.7,0.7,77153,1553,98250,3007,(X),(X),(X),(X),(X),(X),165778,5123,12.7,1.4,10.3,1.2,16.1,1.3,14.1,1.4,14.4,1.4,16.8,1.3,7.8,1.3,5.4,0.8,1.2,0.4,1.2,0.4,32388,1431,44313,1621,(X),(X),(X),(X),32.4,(X)
0400000US31,Nebraska,765490,3878,5,0.4,4.4,0.3,9.3,0.5,9.4,0.4,13.7,0.6,19.3,0.5,13.4,0.5,15.5,0.5,5.3,0.3,4.7,0.3,59566,1072,78793,1190,34,(X),(X),(X),(X),(X),485628,5777,2.5,0.3,1.8,0.3,5.8,0.5,6.9,0.5,12.4,0.6,19.7,0.8,16.5,0.7,20.2,0.8,7.3,0.5,6.8,0.5,75990,1057,95522,1662,(X),(X),33.7,(X),(X),(X),379801,6048,1,0.2,0.9,0.2,3.1,0.4,4.9,0.5,10.8,0.7,19.8,0.8,18.1,0.8,24.1,1.1,9,0.6,8.3,0.5,86735,1330,107629,1968,(X),(X),(X),(X),(X),(X),279862,4801,10.5,0.9,9.4,0.7,16.5,0.9,13.9,0.9,16.6,1,18,1.1,7.2,0.7,5.6,0.6,1.4,0.3,0.9,0.3,34755,935,45346,1389,(X),(X),(X),(X),33.2,(X)
0400000US32,Nevada,1129810,6479,6.6,0.4,3.7,0.3,8.7,0.4,9.4,0.4,14.3,0.5,18.4,0.6,13.3,0.5,14.5,0.5,5.9,0.3,5.4,0.3,58646,1133,81039,1349,36.5,(X),(X),(X),(X),(X),706638,8667,3.5,0.4,2,0.3,6.4,0.4,7.9,0.5,13.3,0.7,19,0.7,15.9,0.7,17.6,0.7,7.5,0.4,6.9,0.4,71864,1112,93915,1875,(X),(X),37.5,(X),(X),(X),489381,8551,1.5,0.3,1.1,0.3,4,0.4,5.8,0.6,11.7,0.8,18.6,1,17.8,0.8,21.5,0.9,9.6,0.5,8.5,0.6,83971,1879,107279,2468,(X),(X),(X),(X),(X),(X),423172,8627,12.6,0.8,6.9,0.7,13.5,0.8,12.5,0.8,16.4,1.1,17,1.1,8.7,0.7,7.6,0.7,2.4,0.4,2.5,0.4,38643,1541,55079,1780,(X),(X),(X),(X),32.9,(X)
0400000US33,New Hampshire,531212,5670,4.2,0.5,3.2,0.4,7.7,0.6,8,0.5,10.6,0.7,16.3,0.8,13.8,0.7,18.7,0.8,8.4,0.5,9.1,0.7,74991,1555,97994,2026,30.8,(X),(X),(X),(X),(X),341752,6363,2.2,0.5,1,0.3,3.6,0.5,5.8,0.6,9.1,0.8,16.4,0.9,15.5,0.9,23.1,1.1,11.1,0.7,12.2,0.9,93930,2252,117181,2622,(X),(X),30.5,(X),(X),(X),274309,6204,0.8,0.3,0.4,0.2,2.1,0.4,4.3,0.7,7.2,0.8,15.3,1,16.7,1.1,25.9,1.2,13.1,0.8,14.2,1,104086,2466,129591,3046,(X),(X),(X),(X),(X),(X),189460,5952,8.3,1.1,7.5,1,15.6,1.5,12.6,1.2,14.5,1.3,16.6,1.5,9.8,1.2,9.5,1.1,2.8,0.6,2.8,0.6,40095,1841,58317,2651,(X),(X),(X),(X),29.3,(X)
0400000US34,New Jersey,3249567,9867,5,0.2,3.1,0.2,7.2,0.3,6.7,0.2,9.3,0.3,14.8,0.4,12.2,0.3,17.5,0.3,10.2,0.3,13.9,0.3,81740,687,114853,945,37.9,(X),(X),(X),(X),(X),2231636,16928,2.8,0.2,1.7,0.2,4.7,0.3,5.4,0.3,8.1,0.3,13.6,0.4,12.8,0.4,20.2,0.4,12.5,0.4,18.1,0.4,101404,999,135042,1331,(X),(X),39.4,(X),(X),(X),1663794,15735,1.1,0.1,0.8,0.1,2.6,0.2,3.8,0.2,6.6,0.3,12.1,0.4,12.5,0.4,22.5,0.5,14.9,0.5,23,0.5,121029,1164,156499,1614,(X),(X),(X),(X),(X),(X),1017931,14289,10.6,0.5,6.7,0.5,13.4,0.6,10,0.6,12.2,0.5,17.2,0.7,11,0.6,10.9,0.4,4,0.4,3.9,0.3,45866,935,65708,1102,(X),(X),(X),(X),32.7,(X)
0400000US35,New Mexico,794093,5137,9.7,0.6,6.3,0.5,11.8,0.6,11,0.5,13.6,0.6,17.4,0.7,10.8,0.6,11.4,0.6,4.2,0.4,3.9,0.3,47169,900,66752,1302,31.7,(X),(X),(X),(X),(X),495378,8167,6.4,0.7,4.1,0.6,9,0.8,10.1,0.7,12.9,0.8,19.3,1.1,12.8,0.7,14.4,0.9,5.5,0.5,5.3,0.5,58760,1544,79184,2000,(X),(X),33.2,(X),(X),(X),344252,6565,3.1,0.6,2.6,0.5,6.1,0.8,8,0.7,12,0.9,20.4,1.3,14.9,1,18.2,1.2,7.4,0.7,7.4,0.7,71738,1626,94878,2890,(X),(X),(X),(X),(X),(X),298715,8158,16.6,1.2,10.2,1,16.8,1.2,12.9,1,14.6,1,13.8,1.1,6.7,0.8,5.4,0.7,1.7,0.3,1.3,0.3,29476,1200,43158,1405,(X),(X),(X),(X),27.9,(X)
0400000US36,New York,7367015,16617,6.8,0.2,4.9,0.1,8.6,0.2,7.8,0.2,10.5,0.2,15.2,0.2,11.9,0.2,15.6,0.2,8,0.2,10.7,0.2,67844,637,100422,681,40.8,(X),(X),(X),(X),(X),4632936,21570,4,0.2,2.6,0.1,6.3,0.2,6.9,0.2,9.7,0.2,15.5,0.2,13,0.3,18.7,0.3,9.8,0.2,13.4,0.2,83311,842,118065,996,(X),(X),43,(X),(X),(X),3243513,20895,1.5,0.1,1.5,0.1,4.2,0.2,5,0.2,8.3,0.2,14.7,0.3,13.7,0.3,21.5,0.4,12.1,0.3,17.6,0.3,101880,602,139882,1201,(X),(X),(X),(X),(X),(X),2734079,21438,12.4,0.3,8.9,0.3,13.1,0.4,9.9,0.3,12.2,0.3,14.9,0.4,9.5,0.3,9.7,0.3,4.2,0.2,5.1,0.3,41092,438,65700,849,(X),(X),(X),(X),35.5,(X)
0400000US37,North Carolina,4011462,16617,6.5,0.2,4.9,0.2,10.3,0.3,10.2,0.3,14.3,0.3,18.2,0.4,12.2,0.3,13,0.3,4.8,0.2,5.6,0.2,53855,573,76693,693,34.2,(X),(X),(X),(X),(X),2622295,20703,4,0.2,2.6,0.2,7.3,0.3,8.9,0.3,13.1,0.4,19.1,0.4,14.4,0.4,16.5,0.4,6.5,0.2,7.7,0.2,67816,805,91208,916,(X),(X),35,(X),(X),(X),1920236,20105,1.5,0.2,1.2,0.1,4.2,0.2,6.5,0.3,11.4,0.4,19.5,0.4,16.8,0.5,20.6,0.5,8.3,0.3,10,0.3,82351,726,107378,1216,(X),(X),(X),(X),(X),(X),1389167,18401,12.2,0.5,9.7,0.5,16.7,0.5,13.2,0.5,16.5,0.6,15.9,0.6,7.2,0.4,5.5,0.3,1.5,0.2,1.6,0.2,33347,658,46421,758,(X),(X),(X),(X),31.4,(X)
0400000US38,North Dakota,319355,4442,5.8,0.7,4,0.5,8.1,0.7,8.2,0.8,13.2,1,18.3,1.1,13.7,0.9,17.5,1,6.3,0.8,5.1,0.6,63837,2324,82435,2376,33.1,(X),(X),(X),(X),(X),187919,5457,2.4,0.6,1.5,0.4,4.2,0.7,6,0.9,11.1,1,17.1,1.2,16.6,1.2,23.7,1.5,9.5,1.1,7.9,1,86205,2403,104400,3748,(X),(X),32.5,(X),(X),(X),149349,5441,0.6,0.3,1,0.5,2.2,0.5,4.1,0.7,8.8,0.9,16.1,1.4,17.9,1.5,28.3,1.8,11.5,1.3,9.5,1.2,98894,2742,117578,4015,(X),(X),(X),(X),(X),(X),131436,4802,11.4,1.5,7.8,1,13.9,1.5,12.1,1.6,17.7,1.9,19.1,1.8,8.6,1.3,7.3,1.3,1.2,0.5,1,0.4,39289,1799,47938,1864,(X),(X),(X),(X),32.8,(X)
0400000US39,Ohio,4685447,12486,7,0.2,4.7,0.2,9.8,0.2,9.8,0.2,13.5,0.2,18.3,0.2,12.9,0.2,14.1,0.2,5.1,0.1,4.8,0.1,56111,425,76151,517,31.6,(X),(X),(X),(X),(X),2924244,16447,4,0.2,2.5,0.2,6.2,0.2,7.9,0.2,12.3,0.3,19.2,0.3,15.4,0.3,18.7,0.3,7.1,0.2,6.8,0.2,72028,516,91796,718,(X),(X),32,(X),(X),(X),2112567,18051,1.2,0.1,1,0.1,3.2,0.2,5.4,0.2,10.6,0.3,19.5,0.4,17.7,0.4,23.2,0.4,9.3,0.3,8.9,0.3,86716,600,107928,914,(X),(X),(X),(X),(X),(X),1761203,15307,13.2,0.5,8.8,0.3,16.5,0.5,13.7,0.4,15.7,0.5,16.2,0.4,7.6,0.3,5.5,0.3,1.4,0.1,1.4,0.1,33107,519,46958,830,(X),(X),(X),(X),29.5,(X)
0400000US40,Oklahoma,1485310,6108,7.1,0.3,5.1,0.2,10.7,0.3,10.5,0.3,14.5,0.4,18.8,0.4,12.3,0.3,12.4,0.3,4.3,0.2,4.2,0.2,51924,450,71632,937,35.2,(X),(X),(X),(X),(X),983307,7405,4.6,0.3,2.8,0.2,7.6,0.4,9.1,0.4,13.8,0.5,20.1,0.5,14.9,0.4,15.9,0.5,5.7,0.3,5.6,0.3,64082,846,83981,1231,(X),(X),35.7,(X),(X),(X),716290,7201,1.6,0.2,1.4,0.2,5.1,0.3,6.9,0.4,12.5,0.5,21,0.6,17.1,0.5,19.8,0.6,7.4,0.4,7.2,0.5,76782,849,97515,1446,(X),(X),(X),(X),(X),(X),502003,6550,13.7,0.7,10.2,0.6,17.5,0.7,13.5,0.6,15.7,0.8,15.4,0.6,6.5,0.5,4.9,0.4,1.3,0.2,1.4,0.2,31278,489,44234,1049,(X),(X),(X),(X),32.4,(X)
0400000US41,Oregon,1639970,6988,5.3,0.3,4,0.3,8.5,0.3,8.9,0.3,12.8,0.4,18.1,0.5,13.6,0.5,15.5,0.5,6.5,0.3,6.7,0.3,63426,1056,85235,1052,29.9,(X),(X),(X),(X),(X),1027648,10811,3.2,0.3,2.1,0.3,5.4,0.4,7.3,0.5,11.5,0.4,18.6,0.7,15.1,0.7,18.9,0.7,8.8,0.5,9,0.4,77655,1235,100844,1370,(X),(X),29.9,(X),(X),(X),793537,10319,1.2,0.2,1.1,0.2,3.8,0.4,5.6,0.4,9.9,0.5,18.6,0.9,16.5,0.8,21.9,0.8,10.6,0.6,10.9,0.5,89253,1633,113268,1534,(X),(X),(X),(X),(X),(X),612322,10742,10.3,0.6,8,0.5,14.2,0.8,12.5,0.7,15.2,0.7,16.9,0.7,10.1,0.6,8.4,0.5,2,0.2,2.4,0.3,39377,860,54759,1283,(X),(X),(X),(X),28,(X)
0400000US42,Pennsylvania,5070931,12151,6.4,0.2,4.4,0.1,9.3,0.2,9.3,0.2,12.3,0.2,17.8,0.2,12.8,0.2,15.1,0.2,6.2,0.2,6.5,0.2,60905,315,83765,550,35.7,(X),(X),(X),(X),(X),3235257,16951,3.5,0.2,2,0.1,5.6,0.2,7.3,0.2,11.4,0.3,18.4,0.3,15.1,0.3,19.4,0.3,8.4,0.2,8.9,0.2,77491,487,100919,753,(X),(X),36.2,(X),(X),(X),2411269,17201,1.1,0.1,1,0.1,3.1,0.1,5.4,0.2,9.8,0.3,18,0.3,16.4,0.3,23.3,0.4,10.5,0.3,11.3,0.3,92050,559,116460,921,(X),(X),(X),(X),(X),(X),1835674,17489,12.6,0.4,8.9,0.3,16.5,0.4,13.2,0.4,14.4,0.4,16.2,0.4,8.1,0.3,6.4,0.3,1.8,0.2,2,0.2,33975,567,50214,764,(X),(X),(X),(X),33.6,(X)
0400000US44,Rhode Island,406573,4965,6.8,0.7,5.2,0.6,8.4,0.8,7.9,0.8,10.8,0.8,17.3,1,12.1,0.9,17.1,0.9,7.2,0.7,7,0.5,64340,2058,86601,2229,38.5,(X),(X),(X),(X),(X),247476,4287,3.5,0.8,2.5,0.6,5.7,0.8,6.8,0.9,8.9,0.9,16.8,1.3,14.8,1.3,21.2,1.3,9.8,1,10.1,0.8,84212,2477,105679,3067,(X),(X),39.9,(X),(X),(X),174713,5144,1.3,0.4,0.9,0.3,3.1,0.7,4.8,1,7.1,1,15.7,1.3,15.3,1.4,26.1,1.8,12.5,1.3,13.2,1.1,101848,2419,124441,4111,(X),(X),(X),(X),(X),(X),159097,6034,13.2,1.5,9.8,1.3,13.5,1.5,9.9,1.4,13.9,1.3,18.3,1.7,7.4,0.9,9.5,1.1,2.6,0.8,1.9,0.4,38201,2193,53091,2247,(X),(X),(X),(X),35,(X)
0400000US45,South Carolina,1927991,12233,7.6,0.3,5.1,0.3,10.6,0.4,10.6,0.4,13.7,0.4,18.6,0.5,12.5,0.4,12.2,0.4,4.6,0.2,4.6,0.2,52306,631,72742,987,37.3,(X),(X),(X),(X),(X),1258273,13739,4.3,0.3,2.6,0.2,7.8,0.4,9.7,0.5,13.1,0.5,19.5,0.6,15,0.5,15.9,0.6,6.1,0.3,6.1,0.3,65742,791,86121,1350,(X),(X),38.2,(X),(X),(X),895552,11477,1.6,0.2,1.3,0.2,4.5,0.3,6.7,0.4,11.3,0.6,20.3,0.6,17.6,0.6,20.5,0.8,8.1,0.3,8.2,0.4,80418,1076,102419,1612,(X),(X),(X),(X),(X),(X),669718,12458,14.7,0.8,10.1,0.6,16.7,0.7,13.5,0.7,14.6,0.8,15.6,0.9,7.2,0.4,4.3,0.4,1.6,0.3,1.6,0.3,30962,576,44777,1072,(X),(X),(X),(X),34.1,(X)
0400000US46,South Dakota,345449,3406,5.7,0.7,4.4,0.5,8.4,0.7,11,0.8,15,0.9,18.9,1,14.8,0.9,13.7,0.7,4.3,0.5,3.8,0.5,56274,1454,74046,2154,30.1,(X),(X),(X),(X),(X),219707,5207,3.3,0.6,2,0.5,5.3,0.7,8,0.9,13,1.1,20.3,1.1,18.2,1.4,18.7,1,6.1,0.7,5,0.7,72183,2013,90012,3218,(X),(X),30.4,(X),(X),(X),171939,4798,1.1,0.4,0.7,0.4,3,0.6,6,0.8,10.6,1.1,20.9,1.3,21.3,1.6,22.7,1.3,7.6,0.9,6,0.9,82907,2149,102198,3693,(X),(X),(X),(X),(X),(X),125742,4947,10.6,1.3,9,1.1,15,1.4,16.6,1.5,18.7,1.5,16,1.6,8,1.2,3.9,0.8,0.9,0.5,1.2,0.4,33808,1850,43453,1794,(X),(X),(X),(X),28.1,(X)
0400000US47,Tennessee,2603140,11640,7.2,0.3,5.2,0.3,10.7,0.3,10.5,0.3,13.9,0.3,18.4,0.4,12.4,0.3,12.8,0.3,4.4,0.2,4.6,0.2,52375,489,73456,884,34.7,(X),(X),(X),(X),(X),1708168,14564,4.5,0.3,2.9,0.2,7.6,0.4,9.1,0.4,13.1,0.4,19.6,0.5,15.1,0.4,16.1,0.4,5.9,0.3,6.1,0.3,65656,838,86674,1206,(X),(X),35.3,(X),(X),(X),1245738,14951,1.6,0.2,1.3,0.2,4.8,0.3,7.2,0.4,11.6,0.4,20.4,0.6,17.6,0.5,20,0.5,7.6,0.4,7.8,0.4,78832,1129,100884,1396,(X),(X),(X),(X),(X),(X),894972,12803,13.3,0.7,10,0.6,17.3,0.6,13.6,0.6,15.4,0.6,15.3,0.6,6.8,0.4,5.4,0.4,1.4,0.2,1.6,0.2,31481,396,45650,1153,(X),(X),(X),(X),32.1,(X)
0400000US48,Texas,9776083,21679,6.5,0.1,4.3,0.1,9,0.1,9.1,0.2,12.7,0.2,17.7,0.2,12.3,0.2,14.8,0.2,6.5,0.1,7.2,0.1,60629,279,85780,478,34.8,(X),(X),(X),(X),(X),6730268,29102,4.2,0.2,2.7,0.1,7.1,0.2,8.3,0.2,11.8,0.2,17.7,0.3,13.4,0.3,17.4,0.3,8.1,0.2,9.2,0.2,71868,468,98400,614,(X),(X),36.2,(X),(X),(X),4871974,28004,1.7,0.1,1.5,0.1,4.7,0.2,6.3,0.2,10.2,0.2,17.3,0.3,14.9,0.3,20.9,0.4,10.4,0.2,12,0.3,87797,799,115373,812,(X),(X),(X),(X),(X),(X),3045815,27390,12.8,0.3,8.1,0.3,14,0.3,11.6,0.3,14.8,0.3,17.3,0.4,8.7,0.3,7.8,0.3,2.3,0.2,2.6,0.2,37848,587,53805,681,(X),(X),(X),(X),30,(X)
0400000US49,Utah,998891,5079,3.9,0.3,2.8,0.3,6.2,0.4,7.7,0.3,12.4,0.5,19.5,0.6,15.4,0.6,18.9,0.7,6.9,0.4,6.4,0.3,71414,741,91096,1238,29.8,(X),(X),(X),(X),(X),743767,8138,2.3,0.3,1.6,0.2,4,0.3,6.2,0.4,10.9,0.6,20,0.7,16.9,0.7,22.2,0.8,8.2,0.5,7.6,0.4,81599,958,101654,1422,(X),(X),28.7,(X),(X),(X),608407,7007,1.2,0.2,1.1,0.2,2.6,0.4,4.7,0.4,9.6,0.6,19.5,0.7,18,0.7,25.1,0.9,9.4,0.5,9,0.5,90513,1118,110804,1674,(X),(X),(X),(X),(X),(X),255124,6231,9.6,1,6.8,0.8,13.4,1.1,12.6,1,17.5,1.2,18.2,1.2,9.6,0.9,8.2,0.9,2,0.5,2.2,0.5,41265,1031,55679,2396,(X),(X),(X),(X),30.5,(X)
0400000US50,Vermont,261373,3502,5.9,0.9,4.8,0.6,8.4,0.8,8.9,0.8,12.5,0.9,18.6,1,14.7,0.9,16,0.9,5.4,0.6,4.8,0.5,60782,1551,79514,2533,31.3,(X),(X),(X),(X),(X),155804,3606,2.9,0.8,1.6,0.5,4.9,0.7,6.5,0.8,11.1,1.1,18.6,1.3,18.8,1.3,21.4,1.3,7.4,0.9,6.9,0.8,80452,2362,97098,3713,(X),(X),30.7,(X),(X),(X),122744,3184,1.2,0.5,0.8,0.4,3.8,0.7,4.9,0.7,8.7,1,18.2,1.4,20.3,1.5,24.8,1.5,8.8,1.1,8.4,1,89265,2384,107993,4292,(X),(X),(X),(X),(X),(X),105569,3532,11.3,1.8,9.9,1.4,14.3,1.6,12.9,1.5,15.3,1.6,18,1.9,8,1,6.8,1.1,2.1,0.7,1.4,0.4,36364,1856,50272,2775,(X),(X),(X),(X),30.6,(X)
0400000US51,Virginia,3175524,13138,5.2,0.2,3.6,0.2,7.4,0.3,7.5,0.2,11.3,0.3,16.3,0.4,12.8,0.3,16.7,0.3,8.4,0.3,10.7,0.2,72577,686,100884,1044,33.2,(X),(X),(X),(X),(X),2094307,16182,2.8,0.2,1.9,0.2,4.9,0.2,6.1,0.3,10.1,0.3,16,0.4,14.2,0.4,19.5,0.4,10.5,0.3,14.2,0.3,88929,1128,118509,1342,(X),(X),33.5,(X),(X),(X),1579078,15669,1,0.1,0.9,0.1,2.7,0.2,3.9,0.3,8.2,0.3,15.1,0.4,15.1,0.4,22.5,0.5,12.7,0.4,17.9,0.4,105485,1292,136352,1501,(X),(X),(X),(X),(X),(X),1081217,15995,10.7,0.5,7.4,0.4,13.2,0.5,10.6,0.5,13.8,0.4,16.7,0.6,9.8,0.5,10.3,0.4,4.1,0.3,3.4,0.2,43252,991,62658,1287,(X),(X),(X),(X),30.8,(X)
0400000US53,Washington,2895575,9139,4.6,0.2,3,0.2,6.9,0.3,7.1,0.3,11.5,0.3,17.5,0.4,13.5,0.4,17.7,0.4,8.6,0.2,9.7,0.3,74073,697,99762,894,29.8,(X),(X),(X),(X),(X),1879637,15187,2.5,0.2,1.5,0.1,4.6,0.3,5.6,0.3,10.2,0.4,17.4,0.5,14.6,0.5,20.7,0.4,10.5,0.4,12.4,0.3,87652,1040,114679,1133,(X),(X),29.7,(X),(X),(X),1454891,15225,1,0.1,0.8,0.1,2.6,0.2,4,0.2,8.4,0.4,16.5,0.5,15.4,0.6,23.6,0.5,12.5,0.4,15.2,0.4,101683,651,129662,1461,(X),(X),(X),(X),(X),(X),1015938,13644,9.6,0.5,6.2,0.4,12,0.5,10.4,0.6,14.6,0.5,17.7,0.5,10.7,0.5,10.6,0.6,4.1,0.3,3.9,0.3,46792,812,66278,1293,(X),(X),(X),(X),28,(X)
0400000US54,West Virginia,734703,6052,9.1,0.6,6.3,0.5,13.3,0.6,11.9,0.6,14.6,0.7,17.5,0.6,9.9,0.5,11.3,0.5,3.2,0.3,2.9,0.3,44097,1016,61707,1138,31.8,(X),(X),(X),(X),(X),461911,6789,5.6,0.6,3.5,0.5,8.8,0.7,10.4,0.8,14.8,0.9,20.4,0.9,13,0.8,15.1,0.8,4.5,0.5,3.9,0.4,57718,1605,74688,1513,(X),(X),33.1,(X),(X),(X),347271,7882,2.2,0.4,2.1,0.4,5.7,0.6,8.7,0.9,14.6,1,22.3,1,15.3,1,18.5,0.9,5.8,0.6,4.8,0.6,67929,1731,85454,1893,(X),(X),(X),(X),(X),(X),272792,7322,16.2,1.1,11.4,1.1,21.7,1.2,15.1,1.1,13.9,1.2,11.7,0.9,4.1,0.6,4.1,0.6,0.8,0.3,1,0.3,25447,822,37392,1432,(X),(X),(X),(X),28.3,(X)
0400000US55,Wisconsin,2371960,6714,5,0.2,4.4,0.2,8.8,0.3,9.5,0.3,13.5,0.3,19.3,0.3,13.8,0.3,15.6,0.3,5.4,0.2,4.7,0.2,60773,391,79656,758,31.1,(X),(X),(X),(X),(X),1487370,10614,2.6,0.2,1.9,0.2,5.2,0.2,7.2,0.3,11.7,0.4,20,0.5,16.6,0.5,20.6,0.4,7.5,0.2,6.7,0.2,76814,748,96441,1092,(X),(X),30.9,(X),(X),(X),1150650,10586,1,0.1,1,0.1,3,0.2,5.3,0.3,9.7,0.4,19.4,0.5,18.4,0.5,24.6,0.5,9.3,0.3,8.2,0.3,88975,793,109032,1303,(X),(X),(X),(X),(X),(X),884590,9569,9.9,0.4,9,0.5,15.7,0.5,13.9,0.5,17,0.6,17.6,0.5,8.3,0.4,5.8,0.3,1.4,0.2,1.4,0.1,35999,476,48083,857,(X),(X),(X),(X),30.1,(X)
0400000US56,Wyoming,230252,3746,5.3,0.8,3.4,0.6,9.4,0.9,9.9,1,13,1,18.2,1.2,13.9,1.2,16.2,1.4,5.9,0.9,4.9,0.7,61584,1401,81935,3076,29,(X),(X),(X),(X),(X),144525,4783,2.8,0.7,1.5,0.5,5.5,1,6.9,1,12.3,1.2,18.3,1.5,16.7,1.5,21.3,1.8,8.1,1.4,6.6,1,78352,2788,98769,4482,(X),(X),29.6,(X),(X),(X),116706,4219,1,0.5,0.8,0.4,3.6,0.9,5,1,11.3,1.3,17.7,1.7,18.6,1.7,24.5,2.2,9.5,1.5,7.9,1.2,88079,3494,108010,4277,(X),(X),(X),(X),(X),(X),85727,4781,10.2,1.9,6.5,1.3,16.7,2.2,15.9,1.9,14.6,2,17.9,2.1,8.1,1.7,6.1,1.5,2.2,0.7,1.8,0.7,35631,2531,50447,3335,(X),(X),(X),(X),26.7,(X)
0400000US72,Puerto Rico,1179637,9819,26.9,0.7,12.2,0.5,18.9,0.7,11.9,0.5,12.3,0.5,9.6,0.5,3.8,0.3,2.7,0.3,0.7,0.1,1,0.2,20296,426,32044,714,33.5,(X),(X),(X),(X),(X),791354,11339,21.1,0.7,10.2,0.5,19.6,0.7,13.3,0.6,14.1,0.7,11.7,0.6,4.4,0.4,3.4,0.4,0.8,0.2,1.3,0.2,24482,466,36583,885,(X),(X),35.8,(X),(X),(X),438070,8214,10,0.7,8.6,0.7,19.7,1,14.1,0.8,17,1,15.7,0.9,6.4,0.6,5.1,0.6,1.3,0.3,2.2,0.4,32812,1079,47622,1501,(X),(X),(X),(X),(X),(X),388283,7736,41.7,1.3,16.5,1,18.2,1.1,8.4,0.8,7.6,0.7,4.4,0.6,1.5,0.3,1,0.3,0.4,0.2,0.3,0.1,12222,382,20170,979,(X),(X),(X),(X),26.7,(X)